{"cameraMode":{"drawMode":0,"name":"Shaded","section":"Shading Mode"},"sceneLighting":false,"audioPlay":false,"sceneViewState":{"m_AlwaysRefresh":false,"showFog":true,"showSkybox":false,"showFlares":true,"showImageEffects":true,"showParticleSystems":true,"showVisualEffectGraphs":true,"m_FxEnabled":true},"in2DMode":false,"pivot":{"x":0.01668490096926689,"y":-0.13698051869869233,"z":-0.005163371562957764},"rotation":{"x":0.05816733464598656,"y":-0.010870406404137612,"z":0.0010401010513305665,"w":0.9983524680137634},"size":1.4678514003753663,"orthographic":false}