{"cameraMode":{"drawMode":0,"name":"Shaded","section":"Shading Mode"},"sceneLighting":true,"audioPlay":false,"sceneViewState":{"m_AlwaysRefresh":false,"showFog":true,"showSkybox":true,"showFlares":true,"showImageEffects":true,"showParticleSystems":true,"showVisualEffectGraphs":true,"m_FxEnabled":true},"in2DMode":false,"pivot":{"x":-51.970001220703128,"y":3.638000249862671,"z":-27.85199737548828},"rotation":{"x":-0.033836886286735538,"y":0.0484292134642601,"z":0.002032168209552765,"w":0.9983632564544678},"size":0.038038115948438647,"orthographic":false}