{"cameraMode":{"drawMode":0,"name":"Shaded","section":"Shading Mode"},"sceneLighting":true,"audioPlay":false,"sceneViewState":{"m_AlwaysRefresh":false,"showFog":true,"showSkybox":true,"showFlares":true,"showImageEffects":true,"showParticleSystems":true,"showVisualEffectGraphs":true,"m_FxEnabled":true},"in2DMode":false,"pivot":{"x":-53.73838424682617,"y":16.6274471282959,"z":79.18675994873047},"rotation":{"x":-0.030246904119849206,"y":0.04603972285985947,"z":0.0017851467709988356,"w":0.9985918998718262},"size":54.50115203857422,"orthographic":false}